text,Year,Publication Date,no
"Sample editorial discussing the development of Lagos and its growing influence in the region. The Yoruba community has been instrumental in shaping the cultural landscape. Trade between Lagos and London continues to expand, bringing new opportunities for local merchants.","1895","1895-03-15","001"
"The political situation in Accra has drawn attention from colonial authorities. Meanwhile, educational reforms in Lagos are progressing well. The relationship between the Yoruba kingdoms and British administration remains complex.","1898","1898-07-22","002"
"Recent developments in agriculture have transformed rural areas near Ibadan. Local farmers are adopting new techniques introduced from Europe. The export trade through Lagos port shows significant growth.","1902","1902-11-08","003"
"Cultural events in Lagos this week featured traditional Yoruba music and dance. The community gathered to celebrate harvest season. Discussions about preserving indigenous traditions while embracing modernization continue.","1905","1905-05-14","004"
"Transportation improvements connecting Lagos to inland regions have been proposed. The railway expansion project aims to link major cities including Ibadan and Abeokuta. This infrastructure development could revolutionize commerce.","1908","1908-09-03","005"
"Educational institutions in Lagos report increased enrollment. Students from various Yoruba communities are pursuing modern studies while maintaining cultural heritage. The balance between tradition and progress remains a topic of debate.","1911","1911-02-19","006"
"Maritime trade between Lagos and European ports continues to flourish. Local merchants are establishing partnerships with trading companies in London and Liverpool. The economic outlook remains positive despite global uncertainties.","1914","1914-06-27","007"
"Community leaders in Lagos convened to discuss urban planning initiatives. The growing population requires improved infrastructure and public services. Cooperation between indigenous authorities and colonial administration is essential.","1917","1917-12-11","008"
"Agricultural exports from the Yoruba regions have reached record levels. Cocoa and palm oil remain the primary commodities. Farmers around Ibadan and Abeokuta are benefiting from favorable market conditions.","1920","1920-04-05","009"
"Cultural preservation efforts gain momentum in Lagos. Traditional Yoruba festivals attract participation from across the region. The importance of maintaining cultural identity in changing times is widely recognized.","1921","1921-08-30","010"
